RMSE,MAE,n_users,n_items
1.4394909924949408,1.1584241481834818,66,20
