{
    "rmse": 0.7457712400143283,
    "mae": 0.6660848951541947,
    "precision@5": 0.20000000000000004,
    "total_users": 66,
    "total_items": 20
}